video_file,description
science/01.mp4,"Scientist in white lab coat, mask, and blue gloves examines a sample through a microscope in a well-equipped laboratory with flasks and petri dishes. Live-action cinematic style with bright clinical lighting. Suitable for laboratory research, microscopy, biology, scientific method, and experiment topics."
science/02.mp4,"Cinematic 3D animation of a dark metallic DNA double helix rotating against a deep blue background, with golden strand fragments breaking apart. CGI rendered with dramatic lighting. Suitable for genetics, DNA structure, mutation, molecular biology, and biotechnology topics."
science/03.mp4,"Two researchers in white lab coats and safety goggles collaborate over a microscope in a modern laboratory setting. Live-action cinematic close-up with soft focus background. Suitable for scientific teamwork, research collaboration, microscopy, lab safety, and biology topics."
science/04.mp4,"Stylized montage of a microscope and laboratory glassware overlaid with floating chemical formulas and molecular structures against a blue-toned background. Motion graphics blended with live-action footage. Suitable for chemistry, molecular structure, organic chemistry, and laboratory equipment topics."
science/05.mp4,"Row of colorful test tubes filled with vibrant red, green, yellow, and purple liquids arranged on a reflective laboratory surface. Animated motion graphics style with smooth camera pan. Suitable for chemistry, solutions, chemical reactions, and laboratory glassware topics."
science/06.mp4,"Rotating 3D render of planet Earth at night showing city lights against deep blue-purple space with lens flare from a distant star. Cinematic CGI animation. Suitable for Earth, space, astronomy, planet, geography, and atmosphere topics."
science/07.mp4,"Sweeping CGI flyover of a barren Martian landscape with rust-colored rocky terrain under a hazy sky with a bright sun on the horizon. Cinematic 3D animation. Suitable for Mars, planetary surface, space exploration, geology, and solar system topics."
science/08.mp4,"Vivid CGI deep-space scene with glowing teal and gold nebula clouds, bright stars, and a small distant planet against a colorful cosmic backdrop. Cinematic 3D animation. Suitable for nebula, stars, galaxy, astronomy, universe, and space exploration topics."
science/09.mp4,"Cinematic CGI view of Earth from space showing North America at night with glowing city lights and bright lens flare above the horizon. 3D rendered animation. Suitable for Earth, orbit, space, geography, atmosphere, and satellite view topics."
science/10.mp4,"Dark 3D-rendered asteroids and space rocks floating above a shadowy planet surface with a purple-white sun flare on the horizon. Cinematic CGI animation. Suitable for asteroids, space debris, planetary science, solar system, gravity, and cosmic collision topics."
science/11.mp4,"Female scientist in white lab coat and safety goggles examines a glass flask containing red liquid amid test tubes in a busy research laboratory. Live-action cinematic footage with warm lighting. Suitable for chemistry, laboratory research, scientific analysis, and experiment topics."
science/12.mp4,"Abstract CGI visualization of fiery energy particles and glowing plasma filaments swirling against a dark background in vivid orange and red tones. Cinematic 3D animation. Suitable for energy, particles, physics, plasma, thermodynamics, nuclear reaction, and combustion topics."
science/13.mp4,"Young scientist wearing safety goggles, blue gloves, and white lab coat closely examines an Erlenmeyer flask containing amber-yellow liquid in a bright lab. Live-action cinematic close-up with shallow depth of field. Suitable for chemistry, laboratory, experiment, and scientific observation topics."
science/14.mp4,"Colorful 3D-animated DNA double helix with red and blue backbones and multicolored base pair rungs rotating diagonally across a dark grid background. Clean CGI motion graphics. Suitable for DNA, genetics, double helix, molecular biology, genome, and heredity topics."
science/15.mp4,"Female scientist in white lab coat and safety goggles holds up a round flask of glowing green liquid in a blue-lit modern laboratory. Live-action cinematic footage with dramatic blue lighting. Suitable for chemistry, experiment, fluorescence, laboratory research, and chemical solutions topics."
science/16.mp4,"Detailed 3D animation of a single red blood cell rotating against a pure black background, showing its characteristic biconcave disc shape and textured membrane. CGI medical visualization. Suitable for red blood cell, erythrocyte, hematology, biology, and circulatory system topics."
science/17.mp4,"Minimalist 2D animation of an atom model with a red nucleus and orange electrons orbiting along white elliptical paths on a black background. Flat-style motion graphics. Suitable for atom, atomic structure, electrons, nucleus, physics, and chemistry topics."
science/18.mp4,"Abstract 3D animation of undulating red wave-like surfaces creating a smooth rippling pattern, resembling biological tissue or fluid dynamics. Cinematic CGI with rich red tones. Suitable for waves, fluid dynamics, biology, tissue, membrane, and abstract science topics."
science/19.mp4,"Colorful 3D animation showing a cross-section of a cell membrane phospholipid bilayer with red spherical heads and wavy tails against a teal-blue background. Educational CGI visualization. Suitable for cell membrane, phospholipid bilayer, biology, cell structure, and molecular biology topics."
science/20.mp4,"Glowing cyan-blue 3D-rendered biological cell with visible nucleus and organelles floating against a dark background with smaller cells in bokeh. Cinematic CGI animation. Suitable for cell biology, organelles, nucleus, cytoplasm, microscopy, and cellular structure topics."
math/01.mp4,"Close-up of a hand writing algebraic equations with white chalk on a dark chalkboard. Live-action cinematic style with shallow depth of field. Suitable for algebra, equations, chalkboard, handwriting, solving, variables, and classroom teaching topics."
math/02.mp4,"Person with curly hair writing advanced mathematical formulas and geometric diagrams on a large chalkboard filled with equations. Live-action documentary style classroom setting. Suitable for advanced math, formulas, trigonometry, geometry, proofs, and teaching topics."
math/03.mp4,"Woman studying a chalkboard densely covered with algebraic equations, trigonometric formulas, and geometric diagrams in white chalk. Live-action cinematic classroom footage. Suitable for algebra, trigonometry, geometry, formulas, equations, and problem solving topics."
math/04.mp4,"Green chalkboard completely filled with handwritten physics and math formulas including triangles, vectors, E=mc2, and graphs. Cinematic live-action panning shot. Suitable for physics, formulas, equations, vectors, energy, trigonometry, and advanced mathematics topics."
math/05.mp4,"Animated dark blue background displaying the Pythagorean theorem a2+b2=c2 prominently with surrounding geometric formulas and triangle diagrams. Digital motion graphics style. Suitable for Pythagorean theorem, geometry, triangles, algebra, proofs, and theorems topics."
math/06.mp4,"3D animated teal geometric sphere made of interlocking circular rings transforming into a sacred geometry flower of life pattern on green gradient background. Suitable for geometry, symmetry, circles, patterns, sacred geometry, spatial reasoning, and transformations topics."
math/07.mp4,"Technical engineering blueprint with geometric diagrams, compass arcs, and measurement annotations overlaid with a blue drafting triangle tool. Live-action documentary style. Suitable for geometry, technical drawing, blueprints, measurement, compass, and engineering topics."
math/08.mp4,"3D animated gray metallic rectangular blocks and cubes of varying sizes densely packed together, shifting and moving against a dark background. Suitable for 3D shapes, cubes, rectangles, volume, spatial reasoning, geometry, blocks, and dimensions topics."
math/09.mp4,"Glowing red-orange dots forming a wave pattern that multiplies into converging sinusoidal curves against a black background. Digital animation style. Suitable for wave functions, sine curves, graphing, data visualization, coordinates, and patterns topics."
math/10.mp4,"Cinematic 3D animation of interlocking green and gold triangular geometric structures with dramatic lighting, forming complex fractal-like patterns. Suitable for triangles, fractals, geometry, 3D shapes, spatial reasoning, patterns, and tessellation topics."
math/11.mp4,"Animated infographic showing male and female person icons with green fill levels and the number 16.2, representing statistical population data on white background. Suitable for statistics, data visualization, population, percentages, infographics, and ratios topics."
math/12.mp4,"Animated bar chart with three colored columns showing percentages (20%, 54%, 43%) with value 39% highlighted on clean white background. Motion graphics style. Suitable for bar graphs, percentages, statistics, data visualization, comparing values, and ratios topics."
math/13.mp4,"Minimal animated infographic showing a single gray person icon on white background, beginning of a population or counting visualization sequence. Suitable for statistics, counting, population data, unit representation, infographics, and data visualization topics."
math/15.mp4,"Animated 3D pie chart in shades of blue divided into four segments on a white background, rotating to show proportional data. Clean motion graphics style. Suitable for pie chart, fractions, percentages, proportions, data visualization, and statistics topics."
math/16.mp4,"Animated grid of 20 blue rectangles arranged in 4 rows and 5 columns with graduated color shading from light to dark blue on white background. Suitable for arrays, multiplication, rows, columns, grid, area model, counting, and organized data topics."
math/17.mp4,"Abstract digital animation of swirling red, orange, and gold fractal light patterns against a black background, resembling mathematical chaos visualizations. Suitable for fractals, chaos theory, curves, mathematical art, abstract patterns, and functions topics."
math/18.mp4,"Colorful flowing abstract light curves in red, blue, green, and yellow sweeping across a dark background, resembling parametric mathematical curves. Digital animation style. Suitable for curves, parametric equations, wave functions, abstract math, and graphing topics."
math/19.mp4,"Vibrant kaleidoscope animation with radial symmetry showing colorful star and floral patterns in orange, purple, pink, and green. Digital psychedelic style. Suitable for symmetry, rotational patterns, geometry, tessellation, radial symmetry, and transformations topics."
math/20.mp4,"Spiral tunnel animation of colorful glowing rectangular tiles receding to a central vanishing point against black background. Digital kaleidoscopic animation. Suitable for spirals, perspective, infinity, patterns, sequences, radial symmetry, and geometric transformations topics."
history/01.mp4,"Cinematic live-action timelapse of ancient stone castle ruins on a green hillside under dramatic overcast skies with drifting fog. Moody documentary style captures weathered medieval walls and mossy stonework. Suitable for medieval ruins, castle, archaeology, and European history topics."
history/02.mp4,"Cinematic CGI animation of Earth from space at night showing illuminated city lights across Asia and the Middle East with a bright blue sun flare on the horizon. Smooth orbital camera movement. Suitable for Earth, space, globe, civilization, and world history topics."
history/03.mp4,"Live-action museum footage showcasing pre-Columbian painted ceramic bowls and vessels with geometric red and brown patterns displayed in a glass case. Documentary close-up style with warm interior lighting. Suitable for ancient pottery, Mesoamerican artifacts, ceramics, and archaeology topics."
history/04.mp4,"Cinematic aerial drone footage of Teotihuacan showing the Avenue of the Dead and Pyramid of the Sun from above under clear blue skies. Live-action documentary style reveals the vast ancient Mesoamerican city layout. Suitable for Teotihuacan, pyramid, Aztec, and Mesoamerican civilization topics."
history/05.mp4,"Cinematic aerial drone footage of the Pyramid of the Sun at Teotihuacan from close range, showing its massive stepped stone structure with visitors below. Live-action documentary style. Suitable for Pyramid of the Sun, Teotihuacan, Mesoamerican architecture, and ancient monument topics."
history/06.mp4,"Close-up live-action footage of a vintage historical map displayed in dim amber lighting, showing place names and geographical features with sepia tones. Documentary style with slow pan across aged parchment. Suitable for antique map, cartography, geography, and historical document topics."
history/07.mp4,"Cinematic CGI animation of Earth from space showing a dramatic sunrise with bright lens flare illuminating North Africa and Europe. Smooth rotating globe with atmospheric glow against starfield. Suitable for Earth, sunrise, space, globe, planet, and world geography topics."
history/08.mp4,"Cinematic CGI animation of a slowly rotating Earth against a black background showing cloud formations over Asia, Africa, and the Indian Ocean. Photorealistic rendering with natural lighting. Suitable for Earth, globe, planet, continents, world geography, and space topics."
history/09.mp4,"Close-up live-action footage of a vintage globe showing Antarctica with sepia-toned aged paper texture, featuring labeled regions including West Antarctica and South Pole. Documentary style. Suitable for Antarctica, vintage globe, polar exploration, cartography, and geography topics."
history/10.mp4,"Cinematic digital animation of a world map silhouette submerged underwater with blue light rays streaming down from above. Stylized motion graphics with deep ocean blue tones and atmospheric particles. Suitable for world map, ocean, global, geography, and exploration topics."
history/11.mp4,"Cinematic aerial drone footage of a medieval European castle with red-tiled roofs surrounded by a moat, nestled in a small town with colorful buildings. Live-action documentary style. Suitable for medieval castle, European fortress, moat, architecture, and Middle Ages topics."
history/12.mp4,"Cinematic aerial drone footage of an ancient hilltop fortress ruin in an arid Middle Eastern landscape with expansive valley views and scattered olive trees. Live-action documentary style in golden hour light. Suitable for ancient fortress, Crusader castle, and Middle East archaeology topics."
history/13.mp4,"Cinematic panoramic view of a historic hilltop fortress overlooking a wide river valley in Central Europe, with dramatic sky and layered mountain ridges in the distance. Live-action documentary aerial footage. Suitable for medieval fortress, European history, Danube river, and fortification topics."
history/14.mp4,"Cinematic aerial drone footage of a historic European city with red-roofed medieval old town, church spires, and modern buildings extending to the harbor at golden hour. Live-action documentary style. Suitable for Tallinn, medieval city, European architecture, and Baltic history topics."
history/15.mp4,"Live-action footage of a Renaissance or Gothic courtyard interior with orange vaulted arched ceilings, stone columns, green ivy, and a hanging lantern. Cinematic upward-angle composition. Suitable for Renaissance architecture, courtyard, arches, European palace, and Gothic monastery topics."
history/16.mp4,"Digital illustration of an ancient Egyptian queen or goddess in golden ornate headdress and jewelry, conjuring glowing wireframe pyramids with her hand. Stylized cinematic animation with rich gold and brown tones. Suitable for ancient Egypt, pharaoh, queen, pyramids, and Egyptian civilization topics."
history/17.mp4,"Cinematic digital art depicting an ancient Egyptian street lined with palm trees and sandstone buildings leading toward a pyramid under dramatic golden sunset clouds. Photorealistic animation with wet stone reflections. Suitable for ancient Egypt, pyramid, Egyptian architecture, and civilization topics."
history/18.mp4,"Cinematic live-action silhouette of the Great Pyramids of Giza and the Sphinx against a vivid orange and gold sunset sky. Documentary-style wide shot captures the iconic monuments. Suitable for Pyramids of Giza, Sphinx, ancient Egypt, sunset, and world wonders topics."
history/19.mp4,"Cinematic digital art of an ancient Egyptian temple pathway at night with hieroglyphic stone columns, palm trees, torches, and a large full moon illuminating a stepped pyramid. Suitable for ancient Egypt, temple, pyramid, hieroglyphics, and pharaoh topics."
history/20.mp4,"Cinematic digital art of an ancient Egyptian palm-lined stone road leading to a pyramid at sunrise with dramatic golden light rays through clouds and wet reflective pavement. Photorealistic animation. Suitable for ancient Egypt, pyramid, Egyptian architecture, and civilization topics."
literature/01.mp4,"A young man in a dark jacket reads an open book while standing outdoors in an urban setting with classical architecture behind him. Live-action cinematic style with warm golden-hour lighting. Suitable for reading, books, urban study, and independent reading topics."
literature/02.mp4,"Close-up of hands flipping through pages of an open hardcover book with visible text and chapter headings, resting on a wooden surface. Live-action documentary style with soft natural lighting. Suitable for pages, text, chapters, book structure, and close reading topics."
literature/03.mp4,"A person studies at a desk surrounded by multiple open books in a dimly lit library setting, taking notes with a pen. Live-action cinematic style with warm low-key lighting. Suitable for research, studying, library, note-taking, and academic reading topics."
literature/04.mp4,"A long, bright modern library corridor with floor-to-ceiling bookshelves on the right and large windows on the left letting in natural light. Live-action documentary style. Suitable for library, bookshelves, public library, reading space, and book collection topics."
literature/05.mp4,"A young man stands reading a red hardcover book in front of colorful floor-to-ceiling bookshelves filled with diverse titles. Live-action cinematic style with bright even lighting. Suitable for bookstore, reading, book selection, browsing, and colorful bookshelves topics."
literature/06.mp4,"Extreme close-up of a glass inkwell with a fountain pen nib being dipped into dark ink against a warm blurred golden background. Live-action cinematic macro shot with dramatic bokeh. Suitable for ink, fountain pen, writing tools, calligraphy, and authorship topics."
literature/07.mp4,"Close-up of hands writing with a pen in a lined notebook on a blue desk surface, capturing the act of handwriting in progress. Live-action documentary style with cool-toned overhead lighting. Suitable for writing, handwriting, notebook, journaling, and creative writing topics."
literature/08.mp4,"Extreme close-up of a woman's hand holding a fine-tipped pen writing on paper with gold jewelry visible in warm outdoor light. Live-action cinematic style with shallow depth of field. Suitable for writing, journaling, author, penmanship, and creative expression topics."
literature/09.mp4,"A child's hand with red nail polish writes in a colorful notebook with an orange pen, a teddy bear and sticky notes nearby. Live-action documentary style with warm indoor lighting. Suitable for children writing, diary, journal, young reader, and storytelling topics."
literature/10.mp4,"A hand writes on parchment paper with a dip pen by candlelight with an ink bottle in the background, evoking a historical setting. Live-action cinematic period style with chiaroscuro lighting. Suitable for historical writing, quill pen, manuscript, and classical literature topics."
literature/11.mp4,"A grand ornate stone archway set within a massive wall of books, transitioning from a closed door to revealing a glowing magical portal. Cinematic digital composite style with fantasy lighting. Suitable for fantasy literature, magical books, portal, imagination, and storytelling topics."
literature/12.mp4,"A bright modern library corridor with tall bookshelves along one side and large windows providing natural daylight on the other. Live-action documentary style with clean architectural framing. Suitable for library, bookshelves, reading environment, and literary resources topics."
literature/13.mp4,"A hand in a denim shirt reaches for and pulls a dark hardcover book from a white home bookshelf displaying classic literary volumes. Live-action cinematic style with soft natural lighting. Suitable for book selection, home library, reading, and literary classics topics."
literature/14.mp4,"A hand returns a dark hardcover book to a white home bookshelf among other classic literary titles with framed pictures visible in background. Live-action cinematic style with warm lighting. Suitable for bookshelf, home library, book collection, and literary classics topics."
literature/15.mp4,"A young man sits at a wooden desk reading and annotating a book with a pencil backed by colorful bookshelves with a mug and plant nearby. Live-action cinematic style with bright balanced lighting. Suitable for studying, reading, annotation, note-taking, and academic research topics."
literature/16.mp4,"A person in a traditional red Chinese robe reads an open book at a wooden table beside a clay teapot on a bamboo mat. Live-action cinematic style with warm muted tones. Suitable for Chinese literature, classical reading, Eastern philosophy, and traditional culture topics."
literature/17.mp4,"An open paperback book lies in sand on a beach at sunset with its pages fluttering in the breeze and golden backlight. Live-action cinematic style with dreamy lens flare. Suitable for beach reading, leisure, books outdoors, summer reading, and storytelling topics."
literature/18.mp4,"A dramatic low-angle shot looking upward between towering modern skyscrapers toward a bright sun and blue sky with lens flare. Live-action cinematic style with dynamic perspective and urban grandeur. Suitable for urban setting, modern city, dystopian literature, and contemporary fiction topics."
literature/19.mp4,"An open book on a dark wooden surface with ethereal glowing white smoke or light swirling upward from its pages against a black background. Digital animation style with mystical particle effects. Suitable for magic, imagination, storytelling, fantasy, and power of reading topics."
literature/20.mp4,"A traditional brown clay Yixing teapot with Chinese calligraphy sits on a bamboo mat rotating slowly against a dark background. Live-action cinematic product-style shot with warm lighting. Suitable for Chinese tea culture, poetry, Eastern literature, contemplation, and literary aesthetics topics."
business/01.mp4,"Team meeting in a modern office conference room with a woman presenting marketing strategy on a whiteboard to colleagues seated around a table with laptops. Live-action cinematic style. Suitable for teamwork, presentation, meeting, collaboration, and marketing strategy topics."
business/02.mp4,"Diverse team of five professionals collaborating around a conference table with laptops and documents, cork board with sticky notes behind them. Live-action cinematic style with warm tones. Suitable for teamwork, collaboration, brainstorming, project planning, and office meeting topics."
business/03.mp4,"Top-down view of four business professionals in suits reviewing financial charts and documents at a white conference table with tablets and reports. Live-action cinematic overhead shot. Suitable for data analysis, financial review, corporate meeting, reports, and executive discussion topics."
business/04.mp4,"Overhead flat-lay of two people writing notes and sketching plans on a white desk with a camera, notebook, glasses, and small plant. Live-action minimalist documentary style. Suitable for planning, brainstorming, creative process, note-taking, and startup workspace topics."
business/05.mp4,"Soft-focus shot of people working in a modern open-plan coworking space with natural light streaming through windows and wooden furniture. Live-action cinematic bokeh style. Suitable for coworking, open office, startup culture, modern workspace, and remote work topics."
business/06.mp4,"3D animated red bar chart showing declining values against a dark gray reflective surface, illustrating a downward business trend. Motion graphics animation style with dramatic lighting. Suitable for decline, loss, recession, bar chart, data visualization, and financial downturn topics."
business/07.mp4,"Cinematic aerial nighttime cityscape of illuminated skyscrapers with overlaid digital stock market graph lines and financial data. Live-action with motion graphics overlay in blue and orange tones. Suitable for stock market, urban economy, financial district, and investment topics."
business/08.mp4,"Scrolling digital stock ticker display showing numerical financial data with green and red indicators overlaid on 3D bar chart graphics. Motion graphics animation with vibrant green and gold hues. Suitable for stock exchange, market data, trading, ticker, and investment returns topics."
business/09.mp4,"Animated dark-background grid with cyan bar chart building upward showing labeled numerical values like 116, 169, and 221. Clean motion graphics animation style. Suitable for growth chart, data visualization, statistics, performance metrics, and infographic animation topics."
business/10.mp4,"Rotating 3D digital globe surrounded by scrolling stock market prices with green up-arrows and red down-arrows on a dark background. Cinematic motion graphics animation. Suitable for global economy, world markets, international trade, stock exchange, and globalization topics."
business/11.mp4,"Three senior business executives in dark suits examining a large projected bar chart display in a dimly lit corporate boardroom. Live-action cinematic style with moody lighting. Suitable for executive analysis, corporate strategy, data presentation, leadership, and performance review topics."
business/12.mp4,"Flat-design animation of hands typing on a laptop at a wooden desk surrounded by a notebook, smartphone, coffee cup, and document. 2D vector animation style. Suitable for remote work, productivity, workspace, digital office, freelance, and work from home topics."
business/13.mp4,"Close-up of hands actively typing on a laptop keyboard at a dark wooden desk with printed charts visible nearby and warm ambient lighting. Live-action cinematic shallow depth of field. Suitable for typing, productivity, data entry, laptop work, and focused work topics."
business/14.mp4,"Person in casual attire typing on a laptop at a round wooden table in a bright minimalist home setting with soft natural light. Live-action documentary style. Suitable for remote work, work from home, freelance, laptop, digital nomad, and entrepreneur topics."
business/15.mp4,"Dark cinematic 3D animation of a metallic reflective sphere with geometric shapes rotating against a deep navy background with orange accents. Motion graphics animation style. Suitable for countdown, intro animation, corporate branding, 3D render, and motion design topics."
business/16.mp4,"Flat-design animation of two businessmen in blue suits shaking hands against a solid black background with centered composition. 2D vector animation with clean minimal style. Suitable for handshake, partnership, agreement, deal, business greeting, and cooperation topics."
business/17.mp4,"Two animated businessmen shaking hands through smartphone screens with video call icons above them on a white background. 2D vector animation style. Suitable for virtual meeting, remote deal, video conference, digital handshake, and online partnership topics."
business/18.mp4,"Minimal flat-design animated handshake icon centered on a solid black background showing two hands clasped in teal-sleeved cuffs. 2D motion graphics icon animation. Suitable for partnership, agreement, deal, cooperation, handshake icon, and business symbol topics."
business/19.mp4,"Flat-design illustration of two businessmen shaking hands in front of a large document with pie chart and bar graph on a blue background. 2D vector animation style. Suitable for business deal, contract signing, partnership, analytics report, and corporate collaboration topics."
business/20.mp4,"Live-action close-up of two men in formal suits completing a firm handshake against a plain white background. Cinematic documentary style. Suitable for handshake, business deal, agreement, partnership, professional greeting, and corporate trust topics."
technology/01.mp4,"Close-up of a computer monitor displaying colorful source code with syntax highlighting on a dark background in an office setting. Live-action cinematic footage with shallow depth of field. Suitable for programming, software development, web development, and coding topics."
technology/02.mp4,"Laptop screen showing Visual Studio Code editor with HTML and CSS source code in a dark theme viewed at an angle in natural light. Live-action documentary style. Suitable for web development, programming, code editor, frontend development, and IDE topics."
technology/03.mp4,"Person wearing a beanie sits at a dark desk operating multiple monitors displaying green hacking-style interfaces with data visualizations and binary code. Cinematic live-action with moody blue-green lighting. Suitable for cybersecurity, hacking, network monitoring, and ethical hacking topics."
technology/04.mp4,"Abstract animated binary code digits in blue and green cascading across the screen with lens flare effects against a dark background. Motion graphics animation style with glowing neon colors. Suitable for binary data, digital information, computer science, and encryption topics."
technology/05.mp4,"Full-screen display of C++ source code on a teal-green background showing server-side programming with gRPC client implementation and asynchronous functions. Live-action screen recording style. Suitable for backend programming, C++, server development, and software engineering topics."
technology/06.mp4,"3D-rendered humanoid robot with glowing cyan accents and mechanical components revealed, featuring a metallic face with illuminated eye against a dark digital backdrop. Cinematic CGI animation. Suitable for artificial intelligence, robotics, android, machine learning, and AI consciousness topics."
technology/07.mp4,"Medical professional interacts with a holographic AR display showing human body scan, AI diagnostics panels, and data charts floating above a laptop. Cinematic live-action with CGI overlays. Suitable for healthcare technology, medical AI, augmented reality, and digital health topics."
technology/08.mp4,"Two metallic 3D-rendered humanoid heads face each other in profile, one showing mechanical brain circuitry and the other a biological neural network. Cinematic CGI animation. Suitable for artificial intelligence, human vs machine, neural networks, and brain-computer interface topics."
technology/09.mp4,"Businessperson typing on a laptop with holographic AI interface overlays showing neural network diagrams, data analytics, and the letters AI floating above the keyboard. Cinematic live-action with CGI. Suitable for artificial intelligence, machine learning, business technology, and data science topics."
technology/10.mp4,"White humanoid robot with articulated hands gestures in front of multiple digital display screens showing data interfaces and camera feeds in a dark control room. Cinematic CGI animation. Suitable for robotics, artificial intelligence, automation, humanoid robot, and futuristic technology topics."
technology/11.mp4,"Close-up of ethernet cables plugged into a network switch with blinking green LED indicator lights bathed in deep blue ambient lighting. Live-action cinematic macro photography. Suitable for networking, server infrastructure, internet connectivity, data center, and IT hardware topics."
technology/12.mp4,"Abstract green digital characters resembling Matrix-style code rain cascade diagonally across a black background with motion blur and light flare effects. Motion graphics animation. Suitable for digital data, matrix code, cyber, encryption, data flow, and computer science topics."
technology/13.mp4,"Vibrant purple and magenta glowing triangular tunnel receding into infinite depth with floating geometric debris and lens flare particles. 3D CGI animation with neon aesthetics. Suitable for digital tunnel, cyberspace, virtual reality, futuristic, and data visualization topics."
technology/14.mp4,"Cascading green digital matrix-style code columns streaming vertically on a black background creating a three-dimensional corridor effect. Motion graphics animation. Suitable for matrix code, data streams, digital rain, cybersecurity, and computer science topics."
technology/15.mp4,"Metallic padlock with keyhole floats in front of cascading blue binary code digits on a dark background with dramatic spotlight lighting. 3D CGI animation. Suitable for cybersecurity, encryption, data protection, digital security, password, and privacy topics."
technology/16.mp4,"Close-up of a person smiling while holding and viewing a black smartphone with fingerprint sensor shot from behind the device with shallow depth of field. Live-action cinematic footage. Suitable for smartphone, mobile device, user experience, digital lifestyle, and phone usage topics."
technology/17.mp4,"Top-down view of a person scrolling through social media photos on a smartphone while standing on wooden deck flooring wearing athletic sneakers. Live-action documentary style. Suitable for mobile phone, social media, scrolling, digital lifestyle, and content consumption topics."
technology/18.mp4,"Extreme close-up of a finger tapping and scrolling on a smartphone touchscreen lying on a white surface with shallow depth of field. Live-action macro cinematography. Suitable for touchscreen interaction, smartphone, mobile UX, finger gesture, and mobile technology topics."
technology/19.mp4,"Close-up side view of a hand holding a smartphone displaying a webpage or app with the device edge and screen content slightly blurred on a clean white background. Live-action cinematic macro shot. Suitable for smartphone, mobile browsing, app usage, and digital content topics."
technology/20.mp4,"Hands holding a smartphone in camera mode photographing a city skyline with modern high-rise buildings showing the phone screen displaying HDR photo mode. Live-action cinematic footage. Suitable for smartphone camera, mobile photography, urban landscape, and phone camera technology topics."
medicine/01.mp4,"Live-action cinematic footage of a medical professional viewing a fetal ultrasound on a monitor screen in a clinical setting showing a grayscale sonogram image. Suitable for ultrasound, prenatal care, obstetrics, fetal imaging, diagnostic imaging, and pregnancy monitoring topics."
medicine/02.mp4,"Live-action documentary-style footage of a surgical team in scrubs, masks, and caps performing a procedure in an operating room with medical equipment visible. Suitable for surgery, operating room, surgical team, hospital procedure, and sterile environment topics."
medicine/03.mp4,"Live-action documentary footage shot from a doorway showing surgeons in blue gowns and caps gathered around an operating table viewing an endoscopic monitor displaying pink tissue. Suitable for endoscopy, minimally invasive surgery, operating room, and surgical procedure topics."
medicine/04.mp4,"Live-action cinematic footage of a smiling female doctor in a white coat using a stethoscope to examine a young boy in a clinical exam room with anatomical posters. Suitable for pediatrics, physical examination, doctor visit, child healthcare, and patient care topics."
medicine/05.mp4,"3D animated character of a cartoon polar bear wearing glasses, a white doctor coat, and stethoscope peeking from behind a blank white panel against a bright blue background. Suitable for animated doctor, medical mascot, healthcare animation, and pediatric education topics."
medicine/06.mp4,"3D rendered animation of multiple white-blue pharmaceutical tablets and pills of various sizes floating and scattered on a reflective black background. Clean CGI medical style. Suitable for pills, tablets, medication, pharmaceutical drugs, prescription medicine, and dosage topics."
medicine/07.mp4,"3D animated scene of a white mannequin figure chained by the ankle to a large green medical cross symbol on a blue background representing healthcare dependency. Suitable for healthcare dependency, medical system, patient care, health insurance, and chronic illness topics."
medicine/08.mp4,"3D rendered animation of colorful red, green, black, and yellow pharmaceutical capsules scattered on a surface with chemical molecular formulas and compound structures visible. Suitable for pharmacology, drug chemistry, capsules, molecular structure, and pharmaceutical research topics."
medicine/09.mp4,"Live-action close-up footage of a clear glass filled with effervescent dissolving tablet in water showing fizzing and bubbling dissolution on a light gray surface. Suitable for effervescent tablet, soluble medicine, antacid, dissolved medication, and oral drug delivery topics."
medicine/10.mp4,"Live-action footage of a smiling male doctor in a white coat and tie sitting at a desk reviewing information on a digital tablet with clipboard nearby. Suitable for physician, digital health records, medical consultation, telemedicine, and healthcare technology topics."
medicine/11.mp4,"Animated medical illustration of a human heart with labeled arteries, veins, and aorta on a green grid background with an ECG heartbeat waveform tracing across. Suitable for heart anatomy, cardiac cycle, ECG, electrocardiogram, and cardiovascular system topics."
medicine/12.mp4,"Animated visualization of a glowing red ECG heartbeat waveform drawing across a black background showing QRS complex and cardiac rhythm in a monitor-style display. Suitable for ECG waveform, heart rate monitor, cardiac rhythm, electrocardiogram, and vital signs topics."
medicine/13.mp4,"Live-action cinematic close-up of a healthcare worker wearing blue gloves writing notes on a medical chart with a blurred newborn infant in a hospital bed in the background. Suitable for neonatal care, medical records, NICU, patient charting, and clinical documentation topics."
medicine/14.mp4,"Animated flat-design illustration showing a human heart transitioning to reveal the full circulatory system within a torso silhouette with red arteries and blue veins on a coral background. Suitable for circulatory system, blood vessels, arteries, veins, and cardiovascular anatomy topics."
medicine/15.mp4,"Animated green ECG heart monitor display showing multiple cardiac rhythm cycles on a grid background transitioning from normal sinus rhythm to flatline. Suitable for heart monitor, ECG reading, cardiac arrest, flatline, vital signs, and patient monitoring topics."
medicine/16.mp4,"3D animated visualization of red blood cells flowing through a blood vessel interior with biconcave disc shapes in deep red tones against pink vessel walls. Suitable for red blood cells, erythrocytes, bloodstream, circulatory system, hematology, and blood flow topics."
medicine/17.mp4,"Stylized 3D animated footage of colorful test tubes in a rack containing red, green, yellow, and purple liquids on a reflective surface in a laboratory setting. Suitable for test tubes, laboratory analysis, chemical testing, blood samples, and diagnostic testing topics."
medicine/18.mp4,"Live-action cinematic close-up of an automated multichannel pipette dispensing samples into a microwell plate in a clinical laboratory with blue-toned lighting. Suitable for pipette, microplate, laboratory automation, sample analysis, and molecular diagnostics topics."
medicine/19.mp4,"Stylized 3D animated montage of a microscope with overlaid chemical formulas and molecular structures in blue tones showing laboratory equipment and scientific notation. Suitable for microscope, chemical formulas, molecular research, laboratory science, and biochemistry topics."
medicine/20.mp4,"Live-action documentary footage of a pharmaceutical or medical bottle production line with glass containers moving along a conveyor belt through automated filling machinery. Suitable for pharmaceutical manufacturing, production line, drug manufacturing, and quality control topics."
law/01.mp4,"Close-up of a wooden judge's gavel and sound block on a dark desk surface with a hand reaching to strike it. Live-action cinematic footage with warm tones and shallow depth of field. Suitable for courtroom, judicial authority, verdict, and judge ruling topics."
law/02.mp4,"Wooden gavel and brass balance scales of justice displayed on a dark wood desk beside law books. Live-action stock footage with soft focus and warm neutral tones. Suitable for legal symbols, judiciary, fairness, court proceedings, and legal profession topics."
law/03.mp4,"Group of diverse attorneys in formal suits conversing in a wood-paneled law office with American flag, bookshelves, and portrait in background. Live-action cinematic style with warm muted lighting. Suitable for legal team, lawyers meeting, litigation, and counsel topics."
law/04.mp4,"Cinematic close-up of a polished wooden gavel with gold band resting on a sound block atop a glossy courtroom table with warm bokeh lights in background. Live-action with shallow depth of field. Suitable for judge, court ruling, verdict, and judicial decision topics."
law/05.mp4,"Animated female judge character in black robe holding golden scales of justice and a gavel on white background. Flat 2D motion graphics style with clean minimal design. Suitable for justice system, judiciary, legal profession, court officer, and balance of law topics."
law/07.mp4,"Slow pan across white Ionic columns of a neoclassical courthouse or government building with soft warm lighting. Live-action cinematic footage with shallow depth of field. Suitable for rule of law, constitutional government, courthouse architecture, and legal institution topics."
law/08.mp4,"3D animated wooden gavel striking down onto a sound block against a warm brown wooden courtroom background. Computer-generated animation with realistic textures and lighting. Suitable for judge verdict, court order, sentencing, judicial authority, and legal ruling topics."
law/09.mp4,"Confident male attorney in dark suit standing in a modern glass-walled law office crossing arms with colleagues conversing in background. Live-action cinematic footage with cool blue tones. Suitable for legal professional, lawyer portrait, law firm, and corporate counsel topics."
law/10.mp4,"Attorney in plaid suit pointing to legal documents on clipboard across desk from a client with gavel and scales of justice visible. Live-action cinematic footage with warm natural lighting. Suitable for legal consultation, client meeting, contract review, and attorney advice topics."
law/11.mp4,"Animated female judge in black robe holding golden scales of justice and a gavel on a plain white background. Flat 2D motion graphics with clean minimal style. Suitable for judiciary, legal system, court officer, balance of law, and justice concept topics."
law/12.mp4,"Yellow and black police caution tape reading Do Not Enter and Police Line Do Not Cross scrolling over a green screen background. Motion graphics overlay asset with bold colors. Suitable for crime scene, law enforcement, police barrier, and criminal investigation topics."
law/13.mp4,"3D animated cartoon police officer character in navy uniform and cap peeking over a white surface with a friendly expression. Colorful CGI animation on white background. Suitable for law enforcement, police officer, public safety, community policing, and crime prevention topics."
law/14.mp4,"Dark futuristic digital grid background with faint blue dot pattern and small glowing white rectangular elements emerging. Motion graphics animation with tech-noir aesthetic. Suitable for cybercrime, digital forensics, surveillance technology, cyber law, and data security topics."
law/15.mp4,"Close-up of a hand holding a magnifying glass over a newspaper classified section examining fine print text. Live-action documentary-style footage with soft natural lighting. Suitable for legal research, investigation, evidence examination, fine print, and due diligence topics."
law/16.mp4,"Close-up of black metal prison cell bars forming a grid pattern with green screen behind them for compositing. Stock footage overlay asset with high contrast black bars. Suitable for incarceration, criminal justice, imprisonment, jail, penal system, and detention topics."
law/17.mp4,"Close-up of a woman's hands typing a text message on a smartphone keyboard in a messaging app. Live-action cinematic footage with warm tones and shallow depth of field. Suitable for digital communication, cyber law, text evidence, privacy rights, and online harassment topics."
law/18.mp4,"Dark atmospheric walkthrough of an abandoned concrete prison corridor with heavy pillars and dim overhead light. Live-action documentary footage with moody desaturated tones. Suitable for incarceration, prison conditions, criminal justice, detention facility, and penal system topics."
law/19.mp4,"Mother in white dress and hat carrying a young blonde toddler while walking through a vibrant red poppy field under overcast sky. Live-action cinematic vertical footage. Suitable for family law, child custody, parental rights, guardianship, and child welfare topics."
law/20.mp4,"Panoramic view of Alcatraz Island from San Francisco Bay showing the lighthouse, main prison building, and a passing ferry boat under clear blue sky. Live-action documentary footage. Suitable for federal prison, criminal justice history, incarceration, and famous penitentiary topics."
arts/01.mp4,"Artist standing in a bright sunlit studio surrounded by vibrant abstract paintings on easels and leaning against walls. Live-action cinematic footage with warm natural lighting. Suitable for painting, artist studio, abstract art, creative process, and contemporary art topics."
arts/02.mp4,"Close-up of a hand using a thin brush to create an abstract painting with vivid blue, orange, red, and yellow swirling strokes. Live-action macro-style footage capturing texture. Suitable for abstract painting, brushwork, acrylic paint, color mixing, and artistic technique topics."
arts/04.mp4,"Hand using a palette knife to spread bold strokes of red, green, blue, and black acrylic paint across a white canvas in a close-up tutorial style. Live-action instructional footage. Suitable for palette knife painting, acrylic technique, color blending, and canvas art topics."
arts/05.mp4,"Extreme close-up of a gloved hand applying sweeping brushstrokes of red, blue, green, and yellow paint creating dynamic flowing patterns on canvas. Live-action cinematic macro footage. Suitable for abstract expressionism, brushstrokes, bold colors, painting technique, and texture topics."
arts/06.mp4,"Close-up of an ornate golden sculpture depicting a winged eagle or phoenix with detailed feather carving lit dramatically against a dark background. Live-action documentary-style footage. Suitable for sculpture, gold metalwork, decorative art, craftsmanship, museum artifact, and classical art topics."
arts/07.mp4,"Aerial drone footage of a European city with lush green parks, a river, formal palace gardens, and historic architecture on a sunny day. Live-action cinematic drone shots. Suitable for aerial cityscape, palace gardens, European architecture, urban planning, and cultural heritage topics."
arts/08.mp4,"Aerial drone view of a grand European palace with symmetrical formal gardens, a central gate, and a roundabout leading into a historic city center. Live-action cinematic footage. Suitable for baroque palace, formal gardens, European heritage, architectural landmark, and urban design topics."
arts/09.mp4,"Low-angle view of a grand neoclassical museum facade with tall Ionic columns, sculptural pediment, and exhibition banners resembling the British Museum. Live-action documentary footage. Suitable for museum architecture, neoclassical columns, cultural institution, British Museum, and art history topics."
arts/10.mp4,"Aerial drone footage of an ornate baroque palace with elaborate formal geometric gardens, fountains, and surrounding parkland in a European city. Live-action cinematic drone perspective. Suitable for baroque palace, formal gardens, landscape architecture, and European cultural heritage topics."
arts/11.mp4,"Artisan hands carefully inspecting and handling white ceramic plates and dishes in a pottery workshop with natural light. Live-action documentary-style footage showing handmade ceramics. Suitable for ceramics, pottery, handcraft, artisan workshop, porcelain, and traditional craft topics."
arts/12.mp4,"Potter dipping arm into a bucket of white glaze then holding up a freshly glazed ceramic bowl in a dimly lit workshop. Live-action documentary footage capturing traditional glazing. Suitable for pottery glazing, ceramics technique, kiln preparation, artisan craft, and handmade pottery topics."
arts/13.mp4,"Close-up of hands carefully painting or detailing a white ceramic piece with a fine brush in a dark pottery studio. Live-action documentary footage with moody low-key lighting. Suitable for ceramic decoration, hand painting, pottery detail work, artisan finishing, and fine craft topics."
arts/14.mp4,"Artisan hands smoothing and shaping an unglazed ceramic cup on a worktable beside a pottery wheel in a workshop. Live-action documentary footage with subdued natural lighting. Suitable for pottery shaping, ceramics handwork, clay finishing, artisan workshop, and handmade vessel topics."
arts/15.mp4,"Person in a purple sweater hand-painting delicate designs on small white ceramic pieces at a wooden workbench surrounded by brushes and decorated bowls. Live-action documentary footage. Suitable for ceramic painting, porcelain decoration, hand-painted pottery, artisan craft, and detailed brushwork topics."
arts/16.mp4,"Ballet dancers in colorful pink, purple, and green tutus performing on stage with a painted village backdrop in a fairy-tale production. Live-action stage performance footage. Suitable for ballet performance, stage dance, theatrical costume, classical dance, and performing arts topics."
arts/17.mp4,"Live rock band performing on stage with dramatic blue and white stage lighting, fog effects, and an energetic crowd with raised hands. Live-action concert footage with atmospheric haze. Suitable for live concert, rock music, stage performance, crowd energy, and performing arts topics."
arts/18.mp4,"Singer performing on a dark stage bathed in blue and purple lights with an enthusiastic crowd raising hands and cheering in the foreground. Live-action concert footage with dramatic lighting. Suitable for live music, concert audience, stage performance, crowd participation, and music event topics."
arts/19.mp4,"White silhouette of a woman dancing in heels against a pure black background captured in a stylized high-contrast motion graphics style. Digital animation or rotoscoped footage. Suitable for dance silhouette, motion graphics, movement art, choreography, and performing arts topics."
arts/20.mp4,"Musicians playing trumpet and saxophone in a lively brass band performance at an outdoor festival with colorful stage banners and warm lighting. Live-action documentary concert footage. Suitable for brass band, jazz music, trumpet performance, live festival, and ensemble music topics."
engineering/01.mp4,"Live-action time-lapse of a multi-story residential building under construction with yellow and blue tower cranes operating against a cloudy blue sky. Cinematic documentary style. Suitable for construction, crane, building, civil engineering, and framework topics."
engineering/02.mp4,"Live-action aerial footage of workers assembling a large cylindrical wind turbine tower foundation on an open grassland site with crane equipment nearby. Documentary style. Suitable for wind turbine, foundation, construction, renewable energy, and civil engineering topics."
engineering/03.mp4,"Extreme close-up of a blue printed circuit board showing microchips, solder points, capacitors, and a metal mounting bracket in sharp detail. Live-action macro cinematography. Suitable for PCB, circuit board, electronics, microchip, electrical engineering, and hardware topics."
engineering/04.mp4,"Aerial drone footage of a residential housing development under construction in a lush green hillside setting with roads, homes, and earthwork visible. Live-action documentary style. Suitable for land development, subdivision, housing construction, civil engineering, and urban planning topics."
engineering/05.mp4,"Close-up of an engineer's hand pointing at a detailed architectural site plan with colored zones, plot layouts, and technical annotations spread on a table. Live-action documentary style. Suitable for blueprint, site plan, architectural drawing, civil engineering, and design review topics."
engineering/06.mp4,"3D-rendered stylized humanoid robot with glowing blue eyes and white glossy body standing in a futuristic neon-lit environment with bokeh lighting. Cinematic CGI animation. Suitable for robot, humanoid, artificial intelligence, robotics engineering, automation, and futuristic topics."
engineering/07.mp4,"3D-rendered close-up of a sleek metallic robotic arm with articulated gripper joints against a dark background with blue accent lighting. Cinematic CGI animation. Suitable for robotic arm, gripper, industrial robot, mechanical engineering, automation, and manufacturing topics."
engineering/08.mp4,"3D-animated white cartoon-style robot character sweeping with a broom against a neutral gray background shown from a dynamic angle. Playful CGI animation. Suitable for robot, automation, service robot, animated character, mechanical engineering, and AI topics."
engineering/09.mp4,"Cinematic live-action shot of an industrial smokestack emitting a towering plume of smoke against a dramatic sunset sky with orange and purple hues. Documentary style. Suitable for smokestack, pollution, emissions, power plant, environmental engineering, and industry topics."
engineering/10.mp4,"Close-up live-action footage of a craftsman using a hand plane to shape a wooden block on a workbench with wood shavings flying. Documentary style. Suitable for woodworking, hand plane, craftsmanship, materials engineering, fabrication, and workshop topics."
engineering/11.mp4,"Aerial drone footage of a steel truss bridge spanning a calm river connecting to a small town surrounded by green wetland vegetation at golden hour. Live-action cinematic style. Suitable for bridge, truss, river crossing, structural engineering, civil infrastructure, and transportation topics."
engineering/12.mp4,"Cinematic aerial drone shot looking down the cable-stayed suspension bridge deck at sunset with parallel steel cables converging toward mountain silhouettes. Live-action footage. Suitable for cable-stayed bridge, suspension, structural engineering, infrastructure, and transportation topics."
engineering/13.mp4,"Low-angle live-action shot looking upward at a modern cable-stayed bridge pylon with illuminated cables radiating outward against a dusky blue-gray sky. Documentary cinematic style. Suitable for cable-stayed bridge, pylon, structural engineering, cables, infrastructure, and modern design topics."
engineering/14.mp4,"Cinematic aerial drone footage of a striking modern glass skyscraper with angular geometric steel exoskeleton glowing at golden hour above a dense city skyline. Live-action documentary style. Suitable for skyscraper, architecture, glass facade, structural engineering, high-rise, and urban design topics."
engineering/15.mp4,"First-person live-action driving footage crossing a large steel cantilever truss bridge over water at dusk with dramatic perspective through the steel lattice framework. Documentary style. Suitable for truss bridge, steel structure, bridge crossing, civil engineering, and transportation infrastructure topics."
engineering/16.mp4,"CGI animated warp-speed tunnel effect with light particles streaking outward from a central bright nebula against a deep blue-black space background. Cinematic sci-fi animation style. Suitable for warp speed, space travel, particle physics, propulsion, and aerospace engineering topics."
engineering/17.mp4,"Animated white letters and characters of varying sizes floating and falling against a pure black background in a digital typographic rain effect. CGI motion graphics style. Suitable for data, digital, typography, information, computer science, coding, and matrix effect topics."
engineering/18.mp4,"3D-rendered CGI animation of a CNC milling machine with a cutting tool approaching a small yellow workpiece on a rotating platform inside a dark machining chamber. Suitable for CNC machining, milling, manufacturing, precision engineering, CAM, and industrial automation topics."
engineering/19.mp4,"CGI animation of glowing light trails forming an orbital atom-like structure with a bright central core against a dark blue background building from scattered paths into a complete sphere. Suitable for atom, nuclear, physics, energy, orbital, particle engineering, and nanotechnology topics."
engineering/20.mp4,"Photorealistic CGI animation of planet Earth slowly rotating in space showing continents, oceans, cloud formations, and atmospheric glow against a black starfield. Cinematic space visualization. Suitable for Earth, planet, space, satellite view, aerospace engineering, and global systems topics."
general/01.mp4,"Diverse middle school students sit at wooden desks in a bright classroom attentively listening to their teacher. Live-action cinematic style with warm natural lighting and colorful supplies. Suitable for classroom, students, teaching, listening, education, and diversity topics."
general/02.mp4,"University students collaborate in a wooden-tiered lecture hall discussing notes and sharing laptops. Live-action documentary style with warm amber tones capturing peer interaction. Suitable for college, lecture hall, students, collaboration, group study, and higher education topics."
general/03.mp4,"Young students work at desks in a modern classroom while one child rests their head appearing tired or bored. Live-action candid style with neutral tones and bulletin board backdrop. Suitable for elementary school, classroom, students, writing, attention, and learning topics."
general/04.mp4,"A hand draws a classroom scene with white chalk on a blackboard progressively sketching a room with a whiteboard, desk, clock, and filing cabinet. Stop-motion chalkboard animation style. Suitable for chalkboard drawing, classroom sketch, teaching, illustration, and visual learning topics."
general/05.mp4,"Close-up of a teenage boy in a yellow sweater writing in a notebook with a pencil seated beside a girl in a bright classroom. Live-action cinematic shallow-depth style. Suitable for student, writing, note-taking, focus, concentration, and classroom topics."
general/06.mp4,"Aerial drone footage of a grand European Gothic-revival university building surrounded by green lawns, winding paths, and mature trees on an overcast day. Cinematic documentary style. Suitable for university campus, historic building, architecture, European education, and institution topics."
general/07.mp4,"Drone aerial view of a majestic Romanesque-style university building with towers, arched windows, and a bronze horse statue in a formal courtyard. Cinematic establishing shot. Suitable for university, historic architecture, campus, European institution, landmark, and higher education topics."
general/08.mp4,"Steady walking shot through a neoclassical colonnade with tall stone columns, hanging lanterns, and sunlight casting long shadows on a sunny day. Cinematic live-action style. Suitable for colonnade, classical architecture, university, columns, historic building, and academic institution topics."
general/09.mp4,"Aerial drone footage of a modern white multi-story school or university campus with landscaped gardens, green hedges, and walkways in a tropical setting. Documentary establishing style. Suitable for modern campus, school building, architecture, tropical, landscaping, and education facility topics."
general/10.mp4,"A hand draws a classroom scene with white chalk on a blackboard progressively adding a whiteboard, desk, clock, and filing cabinet to the sketch. Stop-motion chalkboard animation style. Suitable for chalkboard drawing, classroom illustration, teaching environment, and visual design topics."
general/11.mp4,"A young man in a gray button-up shirt reads a book at a wooden table in a colorful library surrounded by floor-to-ceiling bookshelves and a green plant. Cinematic live-action style. Suitable for library, reading, studying, books, student, and independent learning topics."
general/12.mp4,"A man in a white shirt and suspenders walks through a dimly lit archive corridor lined with aged document folders reaching up to retrieve a file. Cinematic documentary style. Suitable for archive, library, research, documents, records, and knowledge preservation topics."
general/13.mp4,"A young man in a gray shirt stands reading an open book beside tall bookshelves filled with colorful volumes in a well-lit bookstore or library. Cinematic live-action style. Suitable for reading, bookstore, library, student, books, browsing, and self-education topics."
general/14.mp4,"A young man in a gray shirt sits at a wooden table reading and writing notes in a book surrounded by colorful bookshelves in a modern library. Cinematic live-action style. Suitable for studying, library, note-taking, reading, student, and self-directed learning topics."
general/15.mp4,"A young man in a gray shirt stands reading a book in front of packed colorful bookshelves in a bright modern library or bookstore. Cinematic live-action close-up style. Suitable for reading, library, bookstore, student, books, browsing, and education topics."
general/16.mp4,"Flat-design animation of diverse hands tossing black graduation caps into the air against a bright blue background with confetti. Colorful 2D motion graphics style. Suitable for graduation, celebration, achievement, caps, diversity, commencement, and academic success topics."
general/17.mp4,"Extreme close-up of a bouquet of white roses with delicate green olive branch foliage on a dark wooden surface. Cinematic live-action macro style with soft focus. Suitable for white roses, bouquet, flowers, elegant, celebration, and ceremony topics."
general/18.mp4,"Nighttime scene of a Hindu Ganga Aarti fire ceremony with priests holding large flaming lamps amid golden temple columns and a gathered crowd. Cinematic documentary style. Suitable for Ganga Aarti, Hindu ceremony, fire ritual, temple, religion, culture, and spiritual tradition topics."
general/19.mp4,"Close-up of a woman's hands adorned with intricate brown henna mehndi patterns and sparkling rings resting on a white embellished bridal dress. Cinematic live-action style. Suitable for henna, mehndi, bridal, wedding, hands, cultural tradition, and Indian ceremony topics."
general/20.mp4,"A bride in a white lace dress prepares in a softly lit room with elegant curtains and warm ambient light captured from a low cinematic angle. Live-action wedding film style. Suitable for bride, wedding preparation, dress, bridal, ceremony, and celebration topics."
disasters/01.mp4,"Massive volcanic eruption with glowing lava and a towering ash plume rising into a dark sky. Live-action cinematic footage with dramatic lighting. Suitable for volcano, eruption, lava, magma, volcanic ash, plate tectonics, and natural disaster topics."
disasters/02.mp4,"Close-up of molten lava flowing from an active volcano at night, casting an intense orange-red glow across rocky terrain. Live-action cinematic footage. Suitable for lava flow, volcano, magma, eruption, igneous rock, and geothermal activity topics."
disasters/03.mp4,"Buildings shaking and collapsing during a powerful earthquake with clouds of dust and falling debris. Live-action documentary footage. Suitable for earthquake, seismic activity, structural damage, fault lines, and disaster response topics."
disasters/04.mp4,"Aftermath of earthquake destruction showing rubble, damaged structures, and collapsed buildings in an urban area. Live-action cinematic footage. Suitable for earthquake aftermath, structural collapse, disaster recovery, emergency response, and seismology topics."
disasters/05.mp4,"Glowing rivers of lava flowing slowly down a volcanic mountainside at night with steam rising into the air. Live-action cinematic footage. Suitable for lava flow, volcanic eruption, magma, geothermal activity, and Earth's interior topics."
disasters/06.mp4,"Aerial view of tectonic landscape showing dramatic fault lines, rifts, and layered Earth crust formations. Cinematic drone footage. Suitable for tectonic plates, Earth's crust, fault lines, plate boundaries, geology, and continental drift topics."
disasters/07.mp4,"Massive tsunami wave approaching a coastline with enormous force, churning white water and surging forward. Live-action footage. Suitable for tsunami, ocean wave, coastal disaster, seismic sea wave, and natural disaster topics."
disasters/08.mp4,"Ocean waves surging and crashing violently during a tsunami event with turbulent whitewater flooding coastal areas. Live-action footage. Suitable for tsunami, tidal wave, ocean surge, coastal flooding, and marine disaster topics."
disasters/09.mp4,"Satellite view of a swirling hurricane system over the ocean showing the eye of the storm and spiral cloud bands. CGI animation. Suitable for hurricane, typhoon, cyclone, tropical storm, satellite imagery, and weather system topics."
disasters/10.mp4,"Dramatic tornado funnel cloud touching down across open plains with dark storm clouds swirling overhead. Live-action storm chaser footage. Suitable for tornado, funnel cloud, severe weather, storm, wind, and atmospheric science topics."
disasters/11.mp4,"Floodwaters rushing through city streets and submerging vehicles and infrastructure during a major flood event. Live-action documentary footage. Suitable for flood, flash flood, water damage, urban flooding, climate disaster, and hydrology topics."
disasters/12.mp4,"Raging wildfire burning through a dense forest with towering orange flames and thick smoke billowing skyward. Cinematic aerial footage. Suitable for wildfire, forest fire, flames, fire spread, combustion, and fire management topics."
disasters/13.mp4,"Aerial footage of a wildfire spreading across dry woodland terrain with glowing fire lines advancing through trees. Cinematic drone footage. Suitable for wildfire, forest fire, aerial fire mapping, fire behavior, and environmental disaster topics."
disasters/14.mp4,"Massive snow avalanche cascading down a steep mountain face with a cloud of powdery white snow engulfing the slope. Live-action footage. Suitable for avalanche, snow, mountain, alpine hazard, glaciology, and winter disaster topics."
disasters/15.mp4,"Landslide and mudflow carrying rocks and debris down a rain-soaked hillside, destroying vegetation in its path. Live-action footage. Suitable for landslide, mudslide, debris flow, soil erosion, slope failure, and geological hazard topics."
disasters/16.mp4,"Intense lightning bolts striking the ground during a severe thunderstorm with dark purple-grey clouds illuminated by flashes. Live-action time-lapse footage. Suitable for lightning, thunderstorm, severe weather, electricity, atmospheric discharge, and storm topics."
disasters/17.mp4,"Emergency rescue teams in safety gear searching through disaster debris and rubble for survivors after a catastrophe. Live-action documentary footage. Suitable for disaster rescue, emergency response, search and rescue, first responders, and disaster preparedness topics."
disasters/18.mp4,"Seismograph needle recording earthquake tremors on scrolling graph paper, with the pen tracing sharp oscillating lines. Live-action close-up footage. Suitable for seismograph, earthquake monitoring, seismic waves, seismology, and earthquake prediction topics."
disasters/19.mp4,"Arctic glacier calving as massive chunks of ice break off and crash into the ocean, sending up spray and waves. Live-action cinematic footage. Suitable for glacier, ice calving, climate change, polar ice, sea level rise, and global warming topics."
disasters/20.mp4,"Planet Earth slowly rotating in space showing the thin blue atmosphere, swirling cloud systems, and continents below. CGI 3D animation. Suitable for Earth, planet, atmosphere, space, climate, geography, and global perspective topics."
wildlife/01.mp4,"Golden sunset over the African savanna with silhouetted acacia trees and warm amber sky stretching to the horizon. Live-action cinematic footage. Suitable for savanna, Africa, sunset, ecosystem, habitat, and wildlife environment topics."
wildlife/02.mp4,"Male lion surveying the savanna with a golden mane blowing in the wind, standing alert in tall golden grass. Live-action wildlife footage. Suitable for lion, predator, big cat, African wildlife, pride, and apex predator topics."
wildlife/03.mp4,"Lion pride resting together in the shade of an African grassland with cubs and adults lounging peacefully. Live-action wildlife footage. Suitable for lion pride, social behavior, African wildlife, big cats, and animal family topics."
wildlife/04.mp4,"Leopard lounging on a tree branch with spotted coat in dappled sunlight filtering through the canopy. Live-action wildlife footage. Suitable for leopard, big cat, camouflage, predator, tree-dwelling, and African wildlife topics."
wildlife/05.mp4,"Cheetah sprinting at full speed across the open African plains with dust trailing behind its powerful stride. Live-action wildlife footage. Suitable for cheetah, speed, predator, hunting, fastest animal, and African wildlife topics."
wildlife/06.mp4,"Herd of elephants walking across the dusty African savanna at golden hour with warm light illuminating their silhouettes. Live-action cinematic footage. Suitable for elephant, herd, migration, African wildlife, social animals, and conservation topics."
wildlife/07.mp4,"Close-up of an elephant family with a young calf walking through tall grass, showing gentle interactions between mother and baby. Live-action wildlife footage. Suitable for elephant, calf, maternal behavior, family, African wildlife, and conservation topics."
wildlife/08.mp4,"Rhinoceros standing in the wild African bush with an oxpecker bird perched on its back in a symbiotic relationship. Live-action wildlife footage. Suitable for rhinoceros, symbiosis, endangered species, African wildlife, conservation, and herbivore topics."
wildlife/09.mp4,"Massive herd of wildebeest crossing a turbulent river during the Great Migration with splashing water and dramatic chaos. Live-action wildlife footage. Suitable for wildebeest, Great Migration, river crossing, herd behavior, African wildlife, and ecosystem topics."
wildlife/10.mp4,"Dense tropical rainforest canopy with sunlight filtering through layers of green leaves and lush vegetation. Live-action cinematic footage. Suitable for rainforest, tropical ecosystem, biodiversity, jungle, canopy, and habitat topics."
wildlife/11.mp4,"Colorful tropical fish swimming through a vibrant coral reef underwater with bright blues, yellows, and oranges. Live-action underwater footage. Suitable for coral reef, marine life, fish, ocean ecosystem, biodiversity, and underwater habitat topics."
wildlife/12.mp4,"Humpback whale breaching the ocean surface with a dramatic splash, launching its massive body out of the water. Live-action wildlife footage. Suitable for whale, breaching, marine mammal, ocean, humpback, and marine biology topics."
wildlife/13.mp4,"Shark gliding through deep blue ocean water with sunlight rays filtering down from the surface above. Live-action underwater footage. Suitable for shark, predator, ocean, marine life, deep sea, and apex predator topics."
wildlife/14.mp4,"Polar bear walking across Arctic sea ice under a cold blue sky with vast white frozen landscape stretching behind. Live-action wildlife footage. Suitable for polar bear, Arctic, ice, climate change, endangered species, and polar ecosystem topics."
wildlife/15.mp4,"Colony of penguins huddled together on an Antarctic ice shelf with snow-covered mountains in the background. Live-action wildlife footage. Suitable for penguin, Antarctica, colony, polar wildlife, adaptation, and cold climate topics."
wildlife/16.mp4,"Eagle soaring through the sky with wings spread wide over a mountain valley, riding thermal currents with effortless grace. Live-action wildlife footage. Suitable for eagle, bird of prey, flight, raptor, soaring, and avian predator topics."
wildlife/17.mp4,"Crocodile lurking at the water surface with only eyes and snout visible, waiting motionless for prey in murky water. Live-action wildlife footage. Suitable for crocodile, reptile, ambush predator, river, wetland, and predator-prey topics."
wildlife/18.mp4,"Mountain gorilla sitting in dense green vegetation of a cloud forest, looking contemplatively with dark expressive eyes. Live-action wildlife footage. Suitable for gorilla, primate, endangered species, rainforest, conservation, and great ape topics."
wildlife/19.mp4,"Hyena pack on the move at dusk across the African savanna with the fading light casting long shadows. Live-action wildlife footage. Suitable for hyena, pack behavior, nocturnal predator, African wildlife, scavenger, and social animals topics."
wildlife/20.mp4,"Aerial view of a vast wildlife reserve with animals roaming freely across open grasslands and scattered woodland. Cinematic drone footage. Suitable for wildlife reserve, conservation, national park, biodiversity, habitat preservation, and ecosystem topics."
forces_of_nature/01.mp4,"Glowing rivers of molten lava flowing from an active volcano at night, casting a fiery orange glow across dark rocky terrain. Live-action cinematic footage. Suitable for lava, volcano, magma, geothermal, eruption, and geological forces topics."
forces_of_nature/02.mp4,"Massive volcanic eruption sending a towering ash cloud and smoke high into the sky with explosive force. Live-action footage. Suitable for volcano, eruption, ash plume, tectonic activity, geological hazard, and natural forces topics."
forces_of_nature/03.mp4,"Seismograph needle recording earthquake tremors on scrolling paper, tracing sharp oscillating lines as the ground shakes. Live-action close-up footage. Suitable for seismograph, earthquake, seismic waves, monitoring, geology, and tectonic plates topics."
forces_of_nature/04.mp4,"Sweeping aerial view of golden sand dunes in the Sahara Desert with wind-sculpted ridges and vast empty horizon. Cinematic drone footage. Suitable for desert, sand dunes, Sahara, arid landscape, erosion, and wind formation topics."
forces_of_nature/05.mp4,"Wall of sand and dust advancing across a desert landscape during a massive sandstorm, reducing visibility to near zero. Live-action footage. Suitable for sandstorm, dust storm, desert, wind erosion, atmospheric phenomenon, and extreme weather topics."
forces_of_nature/06.mp4,"The Milky Way blazing across a clear desert night sky full of countless stars with the galactic core visible. Live-action time-lapse footage. Suitable for Milky Way, night sky, stars, galaxy, astronomy, and celestial observation topics."
forces_of_nature/07.mp4,"Snow-capped Himalayan mountain peaks glowing at sunrise with golden light illuminating jagged ridgelines against a clear sky. Cinematic footage. Suitable for Himalayas, mountains, sunrise, tectonic uplift, alpine landscape, and geological formation topics."
forces_of_nature/08.mp4,"Drone aerial over the dense green canopy of the Amazon rainforest stretching endlessly to the horizon with a winding river. Cinematic drone footage. Suitable for Amazon, rainforest, canopy, biodiversity, tropical ecosystem, and forest landscape topics."
forces_of_nature/09.mp4,"Colorful autumn foliage in a forest with golden, orange, and red leaves creating a warm vibrant canopy. Live-action cinematic footage. Suitable for autumn, foliage, seasons, deciduous forest, leaf color change, and temperate climate topics."
forces_of_nature/10.mp4,"Wide panoramic shot of the Grand Canyon with layered red and orange rock walls carved by millions of years of erosion. Live-action cinematic footage. Suitable for Grand Canyon, erosion, geology, sedimentary layers, canyon formation, and landscape topics."
forces_of_nature/11.mp4,"Powerful tropical waterfall cascading down a cliff into a misty jungle pool below surrounded by lush green vegetation. Live-action cinematic footage. Suitable for waterfall, water cycle, tropical jungle, erosion, river, and natural landscape topics."
forces_of_nature/12.mp4,"Satellite view of a massive hurricane swirling over the ocean from space showing spiral cloud bands and the central eye. CGI animation. Suitable for hurricane, cyclone, satellite view, atmospheric forces, storm system, and weather topics."
forces_of_nature/13.mp4,"Tornado funnel cloud touching down on the open Great Plains with dark storm clouds swirling overhead and debris in the air. Live-action storm footage. Suitable for tornado, funnel cloud, severe weather, wind forces, atmospheric science, and storm topics."
forces_of_nature/14.mp4,"Dramatic lightning bolt striking the ground during a nighttime thunderstorm, illuminating dark clouds in a brilliant flash. Live-action footage. Suitable for lightning, thunderstorm, electrical discharge, storm, atmospheric electricity, and weather topics."
forces_of_nature/15.mp4,"Massive chunk of glacier calving and crashing into the ocean with a towering splash and waves rippling outward. Live-action footage. Suitable for glacier, calving, ice, polar environment, sea level rise, and climate change topics."
forces_of_nature/16.mp4,"Aerial view of a towering blue iceberg floating in deep Arctic waters with sunlight reflecting off its sculpted surfaces. Cinematic drone footage. Suitable for iceberg, Arctic, polar ice, ocean, glaciology, and frozen landscape topics."
forces_of_nature/17.mp4,"Shimmering green aurora borealis dancing across a dark northern sky with curtains of light rippling above a snowy landscape. Live-action time-lapse footage. Suitable for aurora borealis, northern lights, magnetosphere, solar wind, polar phenomenon, and night sky topics."
forces_of_nature/18.mp4,"Drone coastal shot of dramatic sea stacks with powerful ocean waves crashing around weathered rock formations. Cinematic aerial footage. Suitable for sea stacks, coastal erosion, waves, ocean power, geology, and coastal landscape topics."
forces_of_nature/19.mp4,"Illuminated stalactite and stalagmite formations inside a limestone cave with warm golden light revealing intricate mineral deposits. Live-action footage. Suitable for cave, stalactite, stalagmite, limestone, mineral formation, and underground geology topics."
forces_of_nature/20.mp4,"Intense blizzard with heavy snow and near-zero visibility in a winter landscape, with wind-driven snow obscuring the terrain. Live-action footage. Suitable for blizzard, snowstorm, winter weather, extreme cold, precipitation, and atmospheric forces topics."
food/01.mp4,"Golden wheat field swaying in the wind at sunset captured from an aerial drone view with warm amber light across the grain. Cinematic drone footage. Suitable for wheat, agriculture, grain, farming, harvest, and food production topics."
food/02.mp4,"Vibrant piles of colorful spices displayed in bowls and sacks at a traditional spice market bazaar. Live-action cinematic footage. Suitable for spices, market, culinary ingredients, trade, flavor, and world cuisine topics."
food/03.mp4,"Vast white salt flats stretching to the horizon with workers harvesting crystallized salt under a bright sky. Cinematic aerial footage. Suitable for salt, harvesting, mineral extraction, seasoning, food production, and landscape topics."
food/04.mp4,"Baker's hands kneading soft bread dough on a flour-dusted wooden surface with skilled rhythmic motions. Live-action close-up footage. Suitable for baking, bread, dough, artisan, flour, and traditional food preparation topics."
food/05.mp4,"Fresh golden loaves of bread baking inside a wood-fired stone oven with warm glowing embers and rising heat. Live-action footage. Suitable for bread, oven, baking, wood-fired, artisan baking, and traditional cooking topics."
food/06.mp4,"Flaming wok with food being tossed high during intense high-heat stir-fry cooking with visible flames leaping. Live-action footage. Suitable for wok, stir-fry, cooking technique, flames, Asian cuisine, and culinary arts topics."
food/07.mp4,"Street food vendor cooking over an open flame at a bustling night market with smoke and sizzling sounds. Live-action cinematic footage. Suitable for street food, night market, cooking, vendor, food culture, and urban cuisine topics."
food/08.mp4,"Rows of aged cheese wheels stored on wooden shelves in a traditional underground cave cellar for aging. Live-action footage. Suitable for cheese, aging, fermentation, dairy, artisan cheese, and food preservation topics."
food/09.mp4,"Ripe cacao pods growing on the trunk of a tropical cacao tree with rich green foliage surrounding them. Live-action footage. Suitable for cacao, chocolate, tropical agriculture, plantation, cocoa bean, and food origin topics."
food/10.mp4,"Coffee beans tumbling inside a hot industrial roasting machine with aromatic smoke rising from the darkening beans. Live-action footage. Suitable for coffee, roasting, beans, caffeine, coffee production, and beverage topics."
food/11.mp4,"Lush green tea plantation on a misty hillside with neat rows of tea bushes stretching across terraced slopes. Live-action cinematic footage. Suitable for tea, plantation, agriculture, terracing, beverage, and cultivation topics."
food/12.mp4,"Traditional fishing boat heading out to sea at dawn with golden light reflecting off calm waters and distant horizon. Live-action cinematic footage. Suitable for fishing, seafood, ocean, boat, dawn, and food sourcing topics."
food/13.mp4,"Sushi chef precisely slicing fresh fish with a sharp knife on a clean wooden cutting board with expert technique. Live-action close-up footage. Suitable for sushi, Japanese cuisine, fish, knife skills, culinary arts, and food preparation topics."
food/14.mp4,"Family gathered around a table filled with dishes sharing a festive dinner with warm lighting and conversation. Live-action footage. Suitable for family dinner, feast, communal eating, food culture, celebration, and togetherness topics."
food/15.mp4,"Crowded night market with brightly glowing food stalls and vendors serving diverse dishes to streams of customers. Live-action cinematic footage. Suitable for night market, street food, food stalls, culinary culture, urban food, and cuisine topics."
food/16.mp4,"Colorful fresh fruits and vegetables displayed in neat rows at an outdoor farmers market in natural daylight. Live-action footage. Suitable for farmers market, fresh produce, vegetables, fruits, organic food, and local agriculture topics."
food/17.mp4,"Smooth melted chocolate being poured in a glossy rich stream over confections, coating them with a shiny layer. Live-action close-up footage. Suitable for chocolate, confectionery, melting, dessert, tempering, and food art topics."
food/18.mp4,"Glass fermentation jar with bubbling kombucha showing visible culture layers and active carbonation inside. Live-action close-up footage. Suitable for fermentation, kombucha, probiotics, microbes, food science, and preservation topics."
food/19.mp4,"Vertical farm with rows of lettuce growing under glowing purple LED grow lights in a controlled indoor environment. Live-action footage. Suitable for vertical farming, hydroponics, LED agriculture, food technology, sustainability, and urban farming topics."
food/20.mp4,"Food scraps and organic waste being composted in a bin as part of a sustainability and waste reduction effort. Live-action footage. Suitable for composting, food waste, sustainability, recycling, organic waste, and environmental responsibility topics."
human_body/01.mp4,"Microscopic close-up of eukaryotic cell division with chromosomes aligning and separating during mitosis, membranes constricting, and cytoplasm splitting under brightfield illumination. Live-action microscope timelapse. Suitable for cell division, mitosis, chromosomes, cytokinesis, biology, and microscopy topics."
human_body/02.mp4,"Photorealistic 3D DNA double helix rotating in space with colored base pairs and subtle depth-of-field over a dark gradient background. Cinematic CGI motion graphics. Suitable for DNA, genetics, double helix, molecular biology, genome, and biotechnology topics."
human_body/03.mp4,"Full human skeleton 3D model slowly rotating to reveal anatomical landmarks of skull, spine, ribcage, pelvis, and limb bones with neutral studio lighting. Clean CGI visualization. Suitable for skeleton, anatomy, bones, joints, osteology, and musculoskeletal topics."
human_body/04.mp4,"High-contrast medical X‑ray style scan revealing skeletal structure of the torso and limbs with visible joints and bone detail. Radiology aesthetic. Suitable for X‑ray, radiology, bones, joints, medical imaging, and diagnostics topics."
human_body/05.mp4,"Cross‑section 3D animation of the human heart rhythmically contracting with visible atria and ventricles as blood flows through valves and major vessels. Cinematic medical CGI. Suitable for heart, cardiac cycle, circulation, cardiology, physiology, and blood flow topics."
human_body/06.mp4,"Microscopic visualization of red blood cells drifting through a plasma-filled vessel with soft lighting and shallow depth of field. Medical CGI close-up. Suitable for red blood cells, bloodstream, hematology, capillaries, oxygen transport, and circulatory system topics."
human_body/07.mp4,"Stack of brain MRI slices scrolling to show cross‑sectional views of gray and white matter with clinical interface styling. Medical imaging aesthetic. Suitable for brain, MRI, neuroimaging, neuroscience, medical imaging, and anatomy topics."
human_body/08.mp4,"Neuron fires an electrical impulse along the axon with synaptic terminals glowing as neurotransmitters bridge to the next cell; dendrites and soma visible. Cinematic medical CGI. Suitable for neuron, synapse, action potential, axon, neurotransmission, and neuroscience topics."
human_body/09.mp4,"3D animation of lungs expanding and contracting as the diaphragm moves, with bronchi branching into alveoli to illustrate gas exchange. Clean medical visualization. Suitable for lungs, respiration, alveoli, breathing, pulmonary system, and physiology topics."
human_body/10.mp4,"White blood cell chases and engulfs a virus-like particle inside the bloodstream, highlighting innate immune response and phagocytosis. Medical CGI. Suitable for leukocyte, immune system, phagocytosis, antibodies, infection, and virology topics."
human_body/11.mp4,"Extreme macro of a human eye with iris fibers and color gradients sharply in focus as reflections glide across the cornea. Cinematic live-action close-up. Suitable for eye, iris, pupil, vision, optics, and senses topics."
human_body/12.mp4,"CRISPR-Cas9 gene editing concept with guide RNA targeting a DNA sequence and molecular scissors creating a precise cut before repair. Cinematic CGI visualization. Suitable for CRISPR, gene editing, genome engineering, biotechnology, DNA repair, and molecular biology topics."
human_body/13.mp4,"Scientist in PPE examines a specimen through a microscope surrounded by pipettes and glassware in a modern laboratory. Live-action cinematic footage. Suitable for laboratory research, microscopy, experiment, biology, chemistry, and science education topics."
human_body/14.mp4,"Rack of labeled blood collection tubes with vivid samples set against a clinical lab bench; equipment and centrifuge blur in the background. Live-action footage. Suitable for blood test, lab analysis, hematology, clinical diagnostics, sample processing, and healthcare topics."
human_body/15.mp4,"Electrocardiogram monitor with green heartbeat trace sweeping across a dark screen with audible beep implied and vital sign readouts. Live-action clinical scene. Suitable for ECG, heart rate, cardiology, arrhythmia, vital signs, and hospital topics."
human_body/16.mp4,"Abstract glowing neural pathways animating across a brain silhouette, suggesting connectivity and information flow in cortical networks. Cinematic motion graphics. Suitable for brain network, neural connections, cognition, neuroscience, and data visualization topics."
human_body/17.mp4,"Close-up of a vaccination administered into an upper arm with alcohol swab preparation, sterile syringe, and clinical lighting. Live-action healthcare footage. Suitable for vaccination, immunization, public health, syringe, prevention, and healthcare topics."
human_body/18.mp4,"Anatomical cross‑section of the human ear with animated sound waves traveling through the canal to the eardrum and cochlea. Educational 2D/3D hybrid animation. Suitable for hearing, ear anatomy, sound waves, auditory system, senses, and physics of sound topics."
human_body/19.mp4,"Gene sequencing workstation with flow cell and dynamic data readouts visualizing base calls and chromatograms during analysis. Cinematic lab footage/CGI composite. Suitable for DNA sequencing, genomics, lab automation, bioinformatics, NGS, and biotechnology topics."
human_body/20.mp4,"Surgical team operating under bright theater lights with sterile drapes, instruments, and careful coordination around the patient. Live-action clinical footage. Suitable for surgery, operating room, surgeons, medicine, hospital, and healthcare topics."
lost_worlds/01.mp4,"Golden sunrise washes over the Great Pyramids of Giza as warm light reveals desert textures and sharp pyramid silhouettes on the horizon. Cinematic drone/aerial footage. Suitable for Egypt, pyramids, desert, ancient wonders, archaeology, and world heritage topics."
lost_worlds/02.mp4,"Low-angle view of the Great Sphinx with the Giza pyramids in the background under a pale desert sky, emphasizing weathered stone and monumental scale. Live-action footage. Suitable for Sphinx, Egypt, antiquity, mythology, archaeology, and monumental sculpture topics."
lost_worlds/03.mp4,"Walkthrough among the colossal sandstone columns of Karnak’s Hypostyle Hall with carved hieroglyphs catching side light and dust motes drifting in the air. Live-action cinematic footage. Suitable for Karnak, Luxor, hieroglyphs, temple architecture, Egyptology, and ancient religion topics."
lost_worlds/04.mp4,"Sweeping shot of the Parthenon atop the Acropolis with marble columns and city of Athens sprawling below under soft afternoon haze. Cinematic travel footage. Suitable for Parthenon, Acropolis, classical Greece, Doric architecture, history, and archaeology topics."
lost_worlds/05.mp4,"Orbiting aerial around the Roman Colosseum revealing the elliptical arena, arched arcades, and surrounding Rome streets in warm evening light. Cinematic drone footage. Suitable for Colosseum, ancient Rome, amphitheater, architecture, history, and heritage topics."
lost_worlds/06.mp4,"Golden-hour pan across the Roman Forum with broken columns, temples, and basilicas casting long shadows over archaeological remains. Live-action travel footage. Suitable for Roman Forum, ancient Rome, ruins, classical history, archaeology, and architecture topics."
lost_worlds/07.mp4,"The Great Wall of China traces rugged green mountain ridges into hazy distance as clouds drift overhead. Cinematic aerial landscape. Suitable for Great Wall, China, fortification, world heritage, dynastic history, and travel topics."
lost_worlds/08.mp4,"Terracotta Army warriors stand in silent ranks within excavation pits, weathered faces and armor captured in soft museum light. Live-action documentary footage. Suitable for Terracotta Army, Xi’an, Qin dynasty, archaeology, artifacts, and ancient China topics."
lost_worlds/09.mp4,"Symmetrical view of the Taj Mahal reflected in the long pool at dawn with pastel sky and minarets mirrored in still water. Cinematic travel footage. Suitable for Taj Mahal, Mughal architecture, India, world heritage, marble mausoleum, and history topics."
lost_worlds/10.mp4,"Angkor Wat’s lotus-shaped towers rise above jungle canopy as light filters through ancient stone galleries and bas-reliefs. Live-action cinematic footage. Suitable for Angkor Wat, Khmer empire, Cambodia, temple complex, archaeology, and world heritage topics."
lost_worlds/11.mp4,"El Castillo (Temple of Kukulcán) stands against a bright Yucatán sky with sharp stepped geometry and surrounding plaza. Live-action travel footage. Suitable for Chichén Itzá, Maya civilization, Mesoamerica, pyramid, archaeology, and history topics."
lost_worlds/12.mp4,"Machu Picchu terraces and stone ruins appear through lifting morning mist amid steep Andean peaks and lush green ridges. Cinematic aerial/establishing shot. Suitable for Machu Picchu, Inca, Andes, citadel, archaeology, and world heritage topics."
lost_worlds/13.mp4,"Archaeologists brush and trowel around artifacts at an active excavation trench with grids, tags, and sieves visible. Documentary-style live-action. Suitable for archaeology, excavation, artifacts, fieldwork, ancient history, and research methods topics."
lost_worlds/14.mp4,"Macro glide along carved Egyptian hieroglyphs on weathered sandstone with pigment traces catching angled light. Live-action close-up. Suitable for hieroglyphs, Egypt, inscriptions, temple art, epigraphy, and ancient language topics."
lost_worlds/15.mp4,"Pan across semicircular stone seating of an ancient Greek amphitheater set on a hillside with scenic valley beyond. Live-action travel footage. Suitable for amphitheater, classical Greece, performance, architecture, archaeology, and heritage topics."
lost_worlds/16.mp4,"The multi-tiered arches of Pont du Gard span a river gorge with golden limestone reflecting in calm water under blue sky. Cinematic landscape footage. Suitable for Roman aqueduct, engineering, ancient infrastructure, France, and architecture topics."
lost_worlds/17.mp4,"Forbidden City rooftops gleam with golden tiles above red palace walls as courtyards and gates align in strict symmetry. Cinematic aerial/travel footage. Suitable for Forbidden City, Beijing, imperial China, palace, Ming/Qing dynasty, and heritage topics."
lost_worlds/18.mp4,"Temple pyramid rises above dense jungle canopy at Tikal with tropical birdsong implied and morning light cutting through mist. Live-action documentary footage. Suitable for Tikal, Maya civilization, Guatemala, rainforest, archaeology, and Mesoamerican history topics."
lost_worlds/19.mp4,"The rose‑red Treasury of Petra framed by the narrow Siq canyon walls with soft reflected light revealing carved Hellenistic details. Live-action travel footage. Suitable for Petra, Nabateans, sandstone canyon, archaeology, and world heritage topics."
lost_worlds/20.mp4,"Stone street in Pompeii lined with ruined walls and doorways under bright Mediterranean sun; Vesuvius history implied. Live-action documentary footage. Suitable for Pompeii, Roman city, archaeology, volcanic history, ruins, and heritage topics."
